{"cameraMode":{"drawMode":0,"name":"Shaded","section":"Shading Mode"},"sceneLighting":false,"audioPlay":false,"sceneViewState":{"m_AlwaysRefresh":false,"showFog":true,"showSkybox":false,"showFlares":true,"showImageEffects":true,"showParticleSystems":true,"showVisualEffectGraphs":true,"m_FxEnabled":true},"in2DMode":false,"pivot":{"x":0.01416100189089775,"y":0.0000029671937227249147,"z":0.0004116389900445938},"rotation":{"x":0.08872533589601517,"y":0.9116330742835999,"z":-0.29870420694351199,"w":0.26885050535202029},"size":0.03171217814087868,"orthographic":true}