{"cameraMode":{"drawMode":0,"name":"Shaded","section":"Shading Mode"},"sceneLighting":true,"audioPlay":false,"sceneViewState":{"m_AlwaysRefresh":false,"showFog":true,"showSkybox":true,"showFlares":true,"showImageEffects":true,"showParticleSystems":true,"showVisualEffectGraphs":true,"m_FxEnabled":true},"in2DMode":false,"pivot":{"x":7.870000839233398,"y":0.30628567934036257,"z":12.10000228881836},"rotation":{"x":0.009686288423836232,"y":0.9675458669662476,"z":-0.2509598433971405,"w":0.035157460719347},"size":27.161930084228517,"orthographic":true}